,Fold,Macro F1
0,1,0.48590666960785955
1,2,0.4956139030847138
2,3,0.463707517913143
3,4,0.47801017929373635
4,5,0.4574283534720032
