,Fold,Macro F1
0,1,0.21886740457570877
1,2,0.18537624204254738
2,3,0.22507409759691002
3,4,0.19074212855006467
4,5,0.18796925221358135
